{
  "AFG": "Afghanistan",
  "ALA": "Åland Islands",
  "ALB": "Albania",
  "DZA": "Algeria",
  "ASM": "American Samoa",
  "AND": "Andorra",
  "AGO": "Angola",
  "AIA": "Anguilla",
  "ATA": "Antarctica",
  "ATG": "Antigua and Barbuda",
  "ARG": "Argentina",
  "ARM": "Armenia",
  "ABW": "Aruba",
  "AUS": "Australia",
  "AUT": "Austria",
  "AZE": "Azerbaijan",
  "BHS": "Bahamas (the)",
  "BHR": "Bahrain",
  "BGD": "Bangladesh",
  "BRB": "Barbados",
  "BLR": "Belarus",
  "BEL": "Belgium",
  "BLZ": "Belize",
  "BEN": "Benin",
  "BMU": "Bermuda",
  "BTN": "Bhutan",
  "BOL": "Bolivia (Plurinational State of)",
  "BES": "Bonaire, Sint Eustatius and Saba",
  "BIH": "Bosnia and Herzegovina",
  "BWA": "Botswana",
  "BVT": "Bouvet Island",
  "BRA": "Brazil",
  "IOT": "British Indian Ocean Territory (the)",
  "BRN": "Brunei Darussalam",
  "BGR": "Bulgaria",
  "BFA": "Burkina Faso",
  "BDI": "Burundi",
  "CPV": "Cabo Verde",
  "KHM": "Cambodia",
  "CMR": "Cameroon",
  "CAN": "Canada",
  "CYM": "Cayman Islands (the)",
  "CAF": "Central African Republic (the)",
  "TCD": "Chad",
  "CHL": "Chile",
  "CHN": "China",
  "CXR": "Christmas Island",
  "CCK": "Cocos (Keeling) Islands (the)",
  "COL": "Colombia",
  "COM": "Comoros (the)",
  "COD": "Congo (the Democratic Republic of the)",
  "COG": "Congo (the)",
  "COK": "Cook Islands (the)",
  "CRI": "Costa Rica",
  "CIV": "Côte d'Ivoire",
  "HRV": "Croatia",
  "CUB": "Cuba",
  "CUW": "Curaçao",
  "CYP": "Cyprus",
  "CZE": "Czech Republic (the)",
  "DNK": "Denmark",
  "DJI": "Djibouti",
  "DMA": "Dominica",
  "DOM": "Dominican Republic (the)",
  "ECU": "Ecuador",
  "EGY": "Egypt",
  "SLV": "El Salvador",
  "GNQ": "Equatorial Guinea",
  "ERI": "Eritrea",
  "EST": "Estonia",
  "ETH": "Ethiopia",
  "FLK": "Falkland Islands (the) [Malvinas]",
  "FRO": "Faroe Islands (the)",
  "FJI": "Fiji",
  "FIN": "Finland",
  "FRA": "France",
  "GUF": "French Guiana",
  "PYF": "French Polynesia",
  "ATF": "French Southern Territories (the)",
  "GAB": "Gabon",
  "GMB": "Gambia (the)",
  "GEO": "Georgia",
  "DEU": "Germany",
  "GHA": "Ghana",
  "GIB": "Gibraltar",
  "GRC": "Greece",
  "GRL": "Greenland",
  "GRD": "Grenada",
  "GLP": "Guadeloupe",
  "GUM": "Guam",
  "GTM": "Guatemala",
  "GGY": "Guernsey",
  "GIN": "Guinea",
  "GNB": "Guinea-Bissau",
  "GUY": "Guyana",
  "HTI": "Haiti",
  "HMD": "Heard Island and McDonald Islands",
  "VAT": "Holy See (the)",
  "HND": "Honduras",
  "HKG": "Hong Kong",
  "HUN": "Hungary",
  "ISL": "Iceland",
  "IND": "India",
  "IDN": "Indonesia",
  "IRN": "Iran (Islamic Republic of)",
  "IRQ": "Iraq",
  "IRL": "Ireland",
  "IMN": "Isle of Man",
  "ISR": "Israel",
  "ITA": "Italy",
  "JAM": "Jamaica",
  "JPN": "Japan",
  "JEY": "Jersey",
  "JTN": "Johnston Island",
  "JOR": "Jordan",
  "KAZ": "Kazakhstan",
  "KEN": "Kenya",
  "KIR": "Kiribati",
  "PRK": "Korea (the Democratic People's Republic of)",
  "KOR": "Korea (the Republic of)",
  "KWT": "Kuwait",
  "KGZ": "Kyrgyzstan",
  "LAO": "Lao People's Democratic Republic (the)",
  "LVA": "Latvia",
  "LBN": "Lebanon",
  "LSO": "Lesotho",
  "LBR": "Liberia",
  "LBY": "Libya",
  "LIE": "Liechtenstein",
  "LTU": "Lithuania",
  "LUX": "Luxembourg",
  "MAC": "Macao",
  "MKD": "Macedonia (the former Yugoslav Republic of)",
  "MDG": "Madagascar",
  "MWI": "Malawi",
  "MYS": "Malaysia",
  "MDV": "Maldives",
  "MLI": "Mali",
  "MLT": "Malta",
  "MHL": "Marshall Islands (the)",
  "MTQ": "Martinique",
  "MRT": "Mauritania",
  "MUS": "Mauritius",
  "MYT": "Mayotte",
  "MEX": "Mexico",
  "FSM": "Micronesia (Federated States of)",
  "MID": "Midway Islands",
  "MDA": "Moldova (the Republic of)",
  "MCO": "Monaco",
  "MNG": "Mongolia",
  "MNE": "Montenegro",
  "MSR": "Montserrat",
  "MAR": "Morocco",
  "MOZ": "Mozambique",
  "MMR": "Myanmar",
  "NAM": "Namibia",
  "NRU": "Nauru",
  "NPL": "Nepal",
  "NLD": "Netherlands (the)",
  "NCL": "New Caledonia",
  "NZL": "New Zealand",
  "NIC": "Nicaragua",
  "NER": "Niger (the)",
  "NGA": "Nigeria",
  "NIU": "Niue",
  "NFK": "Norfolk Island",
  "MNP": "Northern Mariana Islands (the)",
  "NOR": "Norway",
  "OMN": "Oman",
  "PAK": "Pakistan",
  "PLW": "Palau",
  "PSE": "Palestine, State of",
  "PAN": "Panama",
  "PNG": "Papua New Guinea",
  "PRY": "Paraguay",
  "PER": "Peru",
  "PHL": "Philippines (the)",
  "PCN": "Pitcairn",
  "POL": "Poland",
  "PRT": "Portugal",
  "PRI": "Puerto Rico",
  "QAT": "Qatar",
  "REU": "Réunion",
  "ROU": "Romania",
  "RUS": "Russian Federation (the)",
  "RWA": "Rwanda",
  "BLM": "Saint Barthélemy",
  "SHN": "Saint Helena, Ascension and Tristan da Cunha",
  "KNA": "Saint Kitts and Nevis",
  "LCA": "Saint Lucia",
  "MAF": "Saint Martin (French part)",
  "SPM": "Saint Pierre and Miquelon",
  "VCT": "Saint Vincent and the Grenadines",
  "WSM": "Samoa",
  "SMR": "San Marino",
  "STP": "Sao Tome and Principe",
  "SAU": "Saudi Arabia",
  "SEN": "Senegal",
  "SRB": "Serbia",
  "SYC": "Seychelles",
  "SLE": "Sierra Leone",
  "SGP": "Singapore",
  "SXM": "Sint Maarten (Dutch part)",
  "SVK": "Slovakia",
  "SVN": "Slovenia",
  "SLB": "Solomon Islands",
  "SOM": "Somalia",
  "ZAF": "South Africa",
  "SGS": "South Georgia and the South Sandwich Islands",
  "SSD": "South Sudan",
  "RHO": "Southern Rhodesia",
  "ESP": "Spain",
  "LKA": "Sri Lanka",
  "SDN": "Sudan (the)",
  "SUR": "Suriname",
  "SJM": "Svalbard and Jan Mayen",
  "SWZ": "Swaziland",
  "SWE": "Sweden",
  "CHE": "Switzerland",
  "SYR": "Syrian Arab Republic",
  "TWN": "Taiwan (Province of China)",
  "TJK": "Tajikistan",
  "TZA": "Tanzania, United Republic of",
  "THA": "Thailand",
  "TLS": "Timor-Leste",
  "TGO": "Togo",
  "TKL": "Tokelau",
  "TON": "Tonga",
  "TTO": "Trinidad and Tobago",
  "TUN": "Tunisia",
  "TUR": "Turkey",
  "TKM": "Turkmenistan",
  "TCA": "Turks and Caicos Islands (the)",
  "TUV": "Tuvalu",
  "UGA": "Uganda",
  "UKR": "Ukraine",
  "ARE": "United Arab Emirates (the)",
  "GBR": "United Kingdom",
  "USA": "United States",
  "UMI": "United States Minor Outlying Islands (the)",
  "HVO": "Upper Volta",
  "URY": "Uruguay",
  "UZB": "Uzbekistan",
  "VUT": "Vanuatu",
  "VEN": "Venezuela (Bolivarian Republic of)",
  "VNM": "Viet Nam",
  "VGB": "Virgin Islands (British)",
  "VIR": "Virgin Islands (U.S.)",
  "WLF": "Wallis and Futuna",
  "ESH": "Western Sahara",
  "YEM": "Yemen",
  "ZMB": "Zambia",
  "ZWE": "Zimbabwe"
}