{
  "installed": {
    "client_id": "415195217844-03pffjmjf3dkc9tvta8agpb2d3i1up38.apps.googleusercontent.com",
    "project_id": "funnelkit-automations",
    "auth_uri": "https://accounts.google.com/o/oauth2/auth",
    "token_uri": "https://oauth2.googleapis.com/token",
    "auth_provider_x509_cert_url": "https://www.googleapis.com/oauth2/v1/certs",
    "client_secret": "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",
    "redirect_uris": [
      "https://secure-auth.funnelkit.com/google-sheets"
    ]
  }
}